epoch,time,train/box_loss,train/seg_loss,train/cls_loss,train/dfl_loss,metrics/precision(B),metrics/recall(B),metrics/mAP50(B),metrics/mAP50-95(B),metrics/precision(M),metrics/recall(M),metrics/mAP50(M),metrics/mAP50-95(M),val/box_loss,val/seg_loss,val/cls_loss,val/dfl_loss,lr/pg0,lr/pg1,lr/pg2
1,107.628,0.65908,1.31945,0.73377,1.21389,0.78049,0.88302,0.84196,0.56718,0.71631,0.80755,0.7458,0.47269,1.00614,3.60004,1.61191,1.43893,0.000664516,0.000664516,0.000664516
2,200.886,0.70273,1.21379,0.6257,1.232,0.51303,0.53962,0.57535,0.31841,0.51101,0.52842,0.56746,0.30789,1.28548,3.39309,1.80524,2.00604,0.001318,0.001318,0.001318
3,292.706,0.6767,1.13228,0.58102,1.19485,0.9429,0.93208,0.92294,0.82004,0.9429,0.93208,0.92294,0.78492,0.49208,1.09428,0.47595,0.87883,0.00195829,0.00195829,0.00195829
4,384.316,0.6271,1.05792,0.53373,1.17511,0.88403,0.90566,0.88755,0.78573,0.88499,0.90015,0.88732,0.81835,0.59291,0.83204,0.67126,1.07356,0.0019406,0.0019406,0.0019406
5,475.367,0.58823,0.97846,0.47958,1.13811,0.96162,0.9434,0.94038,0.86545,0.95392,0.93585,0.93151,0.86617,0.43191,0.72882,0.45081,0.84085,0.0019208,0.0019208,0.0019208
6,566.894,0.55768,0.94212,0.46377,1.11984,0.87213,0.92453,0.91649,0.78222,0.86857,0.92075,0.915,0.82516,0.51694,0.67371,0.68197,0.87741,0.001901,0.001901,0.001901
7,657.786,0.54419,0.89086,0.44004,1.11266,0.98405,0.93116,0.93544,0.89113,0.98405,0.93116,0.93544,0.8759,0.2951,0.63226,0.45989,0.60019,0.0018812,0.0018812,0.0018812
8,749.335,0.51281,0.83929,0.42003,1.0808,0.97083,0.93962,0.93793,0.90098,0.97083,0.93962,0.93793,0.88618,0.31489,0.56656,0.46965,0.68679,0.0018614,0.0018614,0.0018614
9,840.7,0.49995,0.81238,0.40598,1.07721,0.9731,0.9434,0.94477,0.90953,0.96921,0.93962,0.93635,0.89947,0.33766,0.5968,0.35252,0.68891,0.0018416,0.0018416,0.0018416
10,932.265,0.48876,0.81709,0.38902,1.06837,0.98418,0.93911,0.9447,0.8675,0.98023,0.93534,0.94433,0.88947,0.34933,0.64283,0.36888,0.71878,0.0018218,0.0018218,0.0018218
11,1023.42,0.48253,0.76573,0.38762,1.06779,0.97558,0.93208,0.9332,0.84265,0.97558,0.93208,0.93339,0.83608,0.35846,0.55828,0.511,0.73497,0.001802,0.001802,0.001802
12,1114.41,0.45737,0.73213,0.37182,1.0503,0.97973,0.9434,0.94004,0.87822,0.97581,0.93962,0.93106,0.86959,0.31525,0.51781,0.45301,0.64163,0.0017822,0.0017822,0.0017822
13,1205.36,0.46474,0.73787,0.3709,1.05858,0.97517,0.93962,0.94381,0.88826,0.97126,0.93585,0.9437,0.8979,0.29561,0.54703,0.32105,0.57901,0.0017624,0.0017624,0.0017624
14,1296.44,0.46275,0.72976,0.3625,1.04571,0.98403,0.93019,0.93941,0.91266,0.98403,0.93019,0.93941,0.91159,0.28943,0.43007,0.38825,0.60774,0.0017426,0.0017426,0.0017426
15,1388.25,0.44192,0.68341,0.34764,1.03659,0.96353,0.93962,0.9373,0.88993,0.97753,0.9283,0.92938,0.87502,0.34866,0.52403,0.41206,0.69391,0.0017228,0.0017228,0.0017228
16,1479.6,0.42245,0.66629,0.33814,1.02893,0.98016,0.932,0.94327,0.90599,0.98016,0.932,0.94359,0.89969,0.26563,0.43539,0.46397,0.60203,0.001703,0.001703,0.001703
17,1570.56,0.42241,0.69433,0.34316,1.02926,0.97275,0.94282,0.94403,0.91854,0.98488,0.9283,0.935,0.9118,0.24278,0.45353,0.56751,0.54431,0.0016832,0.0016832,0.0016832
18,1661.81,0.43628,0.68156,0.35119,1.03512,0.97627,0.9434,0.94737,0.92362,0.97237,0.93962,0.94065,0.91716,0.30863,0.47829,0.43754,0.64583,0.0016634,0.0016634,0.0016634
19,1753.51,0.41599,0.6652,0.34468,1.02713,0.97216,0.94717,0.94458,0.92435,0.9797,0.94717,0.94544,0.91848,0.29521,0.41717,0.29392,0.63664,0.0016436,0.0016436,0.0016436
20,1844.76,0.40838,0.62762,0.33575,1.01729,0.97625,0.9434,0.94728,0.93159,0.98328,0.93962,0.94861,0.92363,0.28002,0.41105,0.38715,0.55028,0.0016238,0.0016238,0.0016238
21,1936.31,0.40983,0.63208,0.32551,1.02346,0.98019,0.94717,0.94486,0.93498,0.97664,0.94676,0.94666,0.9255,0.23929,0.40907,0.29335,0.55057,0.001604,0.001604,0.001604
22,2027.68,0.41627,0.64506,0.3293,1.01918,0.9672,0.9434,0.94183,0.92669,0.96333,0.93962,0.94171,0.91934,0.25,0.41424,0.28178,0.55713,0.0015842,0.0015842,0.0015842
23,2118.46,0.41585,0.62356,0.33239,1.0209,0.96888,0.93991,0.94129,0.93347,0.96499,0.93614,0.94152,0.91949,0.20095,0.41368,0.25531,0.49303,0.0015644,0.0015644,0.0015644
24,2209.28,0.41056,0.60287,0.32449,1.0175,0.98708,0.9434,0.94305,0.92681,0.98708,0.9434,0.94375,0.88746,0.28889,0.50738,0.29789,0.59468,0.0015446,0.0015446,0.0015446
25,2300.15,0.41001,0.6127,0.32228,1.02456,0.97722,0.93962,0.94494,0.9286,0.97329,0.93585,0.94456,0.92657,0.3322,0.42379,0.43549,0.63005,0.0015248,0.0015248,0.0015248
26,2390.94,0.3754,0.5738,0.31028,0.99326,0.98014,0.94717,0.94634,0.92453,0.98014,0.94717,0.94626,0.92347,0.30022,0.40208,0.36011,0.62126,0.001505,0.001505,0.001505
27,2481.55,0.3962,0.60552,0.31923,1.01124,0.98045,0.94643,0.94035,0.8959,0.98045,0.94643,0.94017,0.89675,0.40395,0.41538,0.53686,0.79588,0.0014852,0.0014852,0.0014852
28,2572.25,0.38202,0.55996,0.30296,0.99994,0.96451,0.93962,0.94423,0.93112,0.96064,0.93585,0.94043,0.91905,0.21176,0.4131,0.47385,0.5034,0.0014654,0.0014654,0.0014654
29,2662.74,0.37707,0.56484,0.30433,0.99895,0.97908,0.9434,0.948,0.92854,0.97908,0.9434,0.95019,0.92639,0.24264,0.3782,0.31582,0.53197,0.0014456,0.0014456,0.0014456
30,2753.23,0.38925,0.59524,0.32156,1.00541,0.97161,0.94717,0.94174,0.91655,0.97161,0.94717,0.94143,0.91173,0.23705,0.37981,0.31307,0.53042,0.0014258,0.0014258,0.0014258
31,2843.87,0.37899,0.58188,0.2949,0.99649,0.97627,0.94717,0.94722,0.91879,0.97627,0.94717,0.94729,0.91644,0.26641,0.37191,0.37793,0.5777,0.001406,0.001406,0.001406
32,2934.77,0.38426,0.60187,0.3054,1.00318,0.98726,0.94717,0.94675,0.93911,0.98726,0.94717,0.94826,0.92645,0.23385,0.38165,0.28954,0.53338,0.0013862,0.0013862,0.0013862
33,3025.82,0.38536,0.58427,0.30932,1.00113,0.98758,0.94717,0.9495,0.93178,0.98758,0.94717,0.94965,0.9295,0.22797,0.36097,0.26842,0.51884,0.0013664,0.0013664,0.0013664
34,3116.66,0.36539,0.55373,0.29227,0.99564,0.98358,0.94717,0.94735,0.9377,0.98358,0.94717,0.94894,0.92949,0.20682,0.36061,0.44001,0.50001,0.0013466,0.0013466,0.0013466
35,3207.83,0.37478,0.56776,0.29611,0.99518,0.9727,0.94717,0.95319,0.93721,0.9727,0.94717,0.95305,0.93533,0.24735,0.37576,0.27159,0.51639,0.0013268,0.0013268,0.0013268
36,3299.32,0.36044,0.55066,0.28347,0.98359,0.98037,0.94253,0.95119,0.93834,0.98037,0.94253,0.95027,0.92909,0.22888,0.38971,0.47381,0.52903,0.001307,0.001307,0.001307
37,3390.05,0.35808,0.52968,0.27369,0.98995,0.98047,0.94711,0.95322,0.93973,0.98047,0.94711,0.95322,0.93418,0.19753,0.36513,0.23121,0.49131,0.0012872,0.0012872,0.0012872
38,3481.43,0.36462,0.55254,0.29362,0.99182,0.97917,0.9434,0.95285,0.9414,0.97917,0.9434,0.95115,0.93443,0.26912,0.36763,0.49859,0.54908,0.0012674,0.0012674,0.0012674
39,3572.65,0.36266,0.5392,0.28815,0.98277,0.98818,0.94624,0.95318,0.92943,0.98818,0.94624,0.95318,0.91846,0.21174,0.35967,0.64455,0.49037,0.0012476,0.0012476,0.0012476
40,3663.5,0.34393,0.51309,0.27306,0.97295,0.97623,0.9434,0.95428,0.93857,0.97232,0.93962,0.95163,0.93182,0.25544,0.33447,0.33119,0.52476,0.0012278,0.0012278,0.0012278
41,3754.25,0.35415,0.54984,0.28089,0.98647,0.98787,0.94717,0.948,0.93827,0.98787,0.94717,0.94612,0.92661,0.20967,0.35156,0.29289,0.47959,0.001208,0.001208,0.001208
42,3844.87,0.35167,0.52202,0.28251,0.98276,0.98744,0.94717,0.95229,0.94076,0.98744,0.94717,0.95132,0.93196,0.1943,0.39024,0.24178,0.46398,0.0011882,0.0011882,0.0011882
43,3935.66,0.35095,0.52984,0.2725,0.98442,0.98809,0.9394,0.95093,0.9405,0.98809,0.9394,0.95017,0.92658,0.23179,0.39083,0.46296,0.53362,0.0011684,0.0011684,0.0011684
44,4026.44,0.3422,0.51322,0.27505,0.97771,0.97463,0.94717,0.95652,0.94228,0.97463,0.94717,0.95322,0.93607,0.22966,0.33633,0.28677,0.4984,0.0011486,0.0011486,0.0011486
45,4117.98,0.34535,0.51045,0.27252,0.98169,0.98766,0.94717,0.94818,0.939,0.98766,0.94717,0.94962,0.92836,0.21076,0.36379,0.41482,0.48022,0.0011288,0.0011288,0.0011288
46,4208.71,0.34368,0.50686,0.26865,0.97857,0.98522,0.93962,0.95483,0.9473,0.98522,0.93962,0.95564,0.93645,0.25179,0.3431,0.32855,0.53777,0.001109,0.001109,0.001109
47,4300,0.34553,0.50803,0.26474,0.97606,0.98346,0.94717,0.95313,0.94476,0.98346,0.94717,0.95277,0.9335,0.21411,0.36663,0.24606,0.50881,0.0010892,0.0010892,0.0010892
48,4390.86,0.33653,0.50273,0.263,0.97035,0.98688,0.94717,0.95416,0.94143,0.98688,0.94717,0.95416,0.93091,0.21797,0.37481,0.28362,0.49763,0.0010694,0.0010694,0.0010694
49,4481.96,0.33298,0.49598,0.259,0.97292,0.98045,0.94634,0.95435,0.94397,0.98045,0.94634,0.95464,0.93871,0.23595,0.32024,0.3903,0.51364,0.0010496,0.0010496,0.0010496
50,4572.85,0.33355,0.49777,0.26548,0.97535,0.98038,0.94256,0.9548,0.94308,0.98038,0.94256,0.9548,0.94065,0.22804,0.33139,0.38159,0.49271,0.0010298,0.0010298,0.0010298
51,4663.96,0.3404,0.49479,0.26662,0.9757,0.97642,0.94717,0.94473,0.93416,0.97642,0.94717,0.94584,0.93093,0.23898,0.34183,0.29099,0.50524,0.00101,0.00101,0.00101
52,4755.04,0.34087,0.48942,0.26248,0.97688,0.98813,0.94224,0.95492,0.94497,0.98417,0.93847,0.95478,0.93886,0.21711,0.34933,0.26846,0.48573,0.0009902,0.0009902,0.0009902
53,4846.47,0.33024,0.47562,0.26337,0.96932,0.98426,0.94391,0.95707,0.95004,0.98423,0.94231,0.9573,0.94425,0.23369,0.31627,0.46388,0.48452,0.0009704,0.0009704,0.0009704
54,4937.65,0.32741,0.45985,0.25672,0.96512,0.98814,0.94289,0.95535,0.94613,0.98629,0.93962,0.95595,0.94153,0.22914,0.33466,0.524,0.51895,0.0009506,0.0009506,0.0009506
55,5028.4,0.32244,0.47232,0.25827,0.96801,0.98777,0.94717,0.95789,0.94748,0.98777,0.94717,0.95789,0.9449,0.21187,0.31753,0.40574,0.48713,0.0009308,0.0009308,0.0009308
56,5119.29,0.32684,0.46521,0.25973,0.97122,0.9878,0.94717,0.95392,0.93962,0.9878,0.94717,0.95357,0.93602,0.24146,0.35107,0.34646,0.52986,0.000911,0.000911,0.000911
57,5210.04,0.31666,0.44654,0.25066,0.96,0.98648,0.94717,0.95088,0.9421,0.98648,0.94717,0.95088,0.9369,0.18512,0.34129,0.27416,0.45123,0.0008912,0.0008912,0.0008912
58,5300.85,0.32233,0.47859,0.2461,0.96655,0.9876,0.94717,0.95604,0.94555,0.9876,0.94717,0.9566,0.93877,0.18041,0.33907,0.20087,0.46348,0.0008714,0.0008714,0.0008714
59,5391.77,0.31604,0.46283,0.25445,0.96012,0.97973,0.94717,0.95659,0.94823,0.97973,0.94717,0.95659,0.94171,0.17366,0.32379,0.20431,0.45437,0.0008516,0.0008516,0.0008516
60,5482.5,0.32011,0.47239,0.25094,0.96683,0.98398,0.94717,0.95771,0.94919,0.98047,0.94703,0.95844,0.94034,0.18066,0.32448,0.30514,0.45175,0.0008318,0.0008318,0.0008318
61,5573.44,0.30927,0.44314,0.23889,0.96073,0.96881,0.94717,0.9548,0.94586,0.96881,0.94717,0.95523,0.9396,0.15406,0.31293,0.21889,0.41856,0.000812,0.000812,0.000812
62,5664.51,0.32289,0.45618,0.24641,0.9622,0.98715,0.94717,0.9492,0.93994,0.98715,0.94717,0.94937,0.93129,0.18677,0.33026,0.47999,0.45634,0.0007922,0.0007922,0.0007922
63,5755.4,0.3098,0.44972,0.24116,0.95781,0.98277,0.94717,0.95445,0.94624,0.98277,0.94717,0.95597,0.93806,0.17388,0.30447,0.47461,0.44342,0.0007724,0.0007724,0.0007724
64,5846.2,0.31006,0.45002,0.24668,0.95896,0.98771,0.94717,0.95007,0.9458,0.98771,0.94717,0.95332,0.93722,0.1693,0.31513,0.4549,0.44465,0.0007526,0.0007526,0.0007526
65,5937.04,0.31553,0.45318,0.24901,0.96174,0.98811,0.9434,0.95998,0.95152,0.98411,0.93962,0.96178,0.9443,0.1775,0.31081,0.29108,0.45005,0.0007328,0.0007328,0.0007328
66,6028.62,0.3095,0.44108,0.24642,0.95813,0.98771,0.94717,0.94723,0.94019,0.98771,0.94717,0.94733,0.93768,0.17916,0.31154,0.43234,0.45583,0.000713,0.000713,0.000713
67,6119.19,0.30721,0.43387,0.23757,0.96282,0.98031,0.93946,0.95547,0.94287,0.98819,0.947,0.95697,0.93516,0.18383,0.32229,0.33907,0.45927,0.0006932,0.0006932,0.0006932
68,6210.27,0.30582,0.44411,0.23742,0.95437,0.98735,0.94717,0.95244,0.94232,0.98735,0.94717,0.95244,0.93803,0.1654,0.32483,0.26599,0.43419,0.0006734,0.0006734,0.0006734
69,6300.97,0.29827,0.42454,0.2314,0.95105,0.98641,0.9434,0.9538,0.94478,0.98641,0.9434,0.95287,0.9372,0.17016,0.32143,0.31132,0.45055,0.0006536,0.0006536,0.0006536
70,6392.01,0.30316,0.43489,0.23886,0.95426,0.98544,0.9434,0.95583,0.94758,0.98544,0.9434,0.95553,0.94242,0.16829,0.31949,0.26637,0.43646,0.0006338,0.0006338,0.0006338
71,6483.17,0.29871,0.43891,0.23985,0.95138,0.98731,0.94717,0.9541,0.94549,0.98731,0.94717,0.9541,0.93844,0.18453,0.31873,0.40034,0.44758,0.000614,0.000614,0.000614
72,6574.11,0.30062,0.43516,0.22913,0.95112,0.98356,0.94717,0.95531,0.94354,0.98356,0.94717,0.95531,0.93642,0.1923,0.32375,0.43894,0.45917,0.0005942,0.0005942,0.0005942
73,6665.37,0.29628,0.42898,0.23131,0.95145,0.97599,0.94717,0.95661,0.94701,0.97599,0.94717,0.95661,0.94326,0.1939,0.30043,0.4279,0.45701,0.0005744,0.0005744,0.0005744
74,6756.18,0.30147,0.43972,0.2352,0.9524,0.98416,0.94717,0.95262,0.9477,0.98416,0.94717,0.95262,0.94053,0.15794,0.29542,0.42467,0.42862,0.0005546,0.0005546,0.0005546
75,6847.2,0.29479,0.42139,0.22653,0.94702,0.9842,0.94035,0.95826,0.94492,0.9842,0.94035,0.95777,0.94157,0.19539,0.33582,0.45019,0.46612,0.0005348,0.0005348,0.0005348
76,6938.43,0.29229,0.41817,0.22887,0.94985,0.98045,0.94616,0.95645,0.94416,0.98045,0.94616,0.95645,0.94167,0.20049,0.30697,0.34674,0.45866,0.000515,0.000515,0.000515
77,7029.4,0.29485,0.41991,0.22888,0.94745,0.98333,0.94717,0.95549,0.94789,0.98333,0.94717,0.95525,0.9416,0.18189,0.31972,0.31521,0.45806,0.0004952,0.0004952,0.0004952
78,7120.29,0.29466,0.39734,0.22815,0.94692,0.98659,0.9434,0.95794,0.94704,0.98659,0.9434,0.95762,0.94196,0.18953,0.31409,0.37203,0.46049,0.0004754,0.0004754,0.0004754
79,7211.2,0.28889,0.40776,0.22236,0.94168,0.98,0.94717,0.95617,0.94683,0.98,0.94717,0.95642,0.94153,0.16881,0.2989,0.26853,0.43388,0.0004556,0.0004556,0.0004556
80,7302.52,0.29058,0.41112,0.22285,0.9458,0.98595,0.94717,0.95757,0.9501,0.98595,0.94717,0.95704,0.94318,0.1685,0.31006,0.25934,0.44002,0.0004358,0.0004358,0.0004358
81,7393.16,0.27674,0.39527,0.21159,0.93653,0.98681,0.94717,0.95789,0.95067,0.98681,0.94717,0.95789,0.94284,0.17529,0.31767,0.27044,0.4432,0.000416,0.000416,0.000416
82,7484.1,0.28307,0.4161,0.21675,0.94532,0.98643,0.9434,0.95736,0.94903,0.98643,0.9434,0.95736,0.94534,0.17938,0.32371,0.29964,0.45001,0.0003962,0.0003962,0.0003962
83,7575.17,0.2858,0.39713,0.21965,0.94477,0.97992,0.94717,0.95687,0.94157,0.97992,0.94717,0.95687,0.93964,0.21381,0.30093,0.29355,0.4854,0.0003764,0.0003764,0.0003764
84,7665.95,0.28303,0.38659,0.21827,0.93823,0.96922,0.95059,0.95863,0.94902,0.96922,0.95059,0.95863,0.94581,0.18645,0.30365,0.25118,0.46408,0.0003566,0.0003566,0.0003566
85,7756.75,0.27083,0.38315,0.20595,0.93606,0.98431,0.94668,0.95837,0.94811,0.98431,0.94668,0.95837,0.9454,0.19982,0.30366,0.25903,0.46711,0.0003368,0.0003368,0.0003368
86,7847.48,0.2806,0.39,0.21375,0.93698,0.98781,0.94717,0.95589,0.94785,0.98781,0.94717,0.95589,0.94232,0.19564,0.31485,0.249,0.48032,0.000317,0.000317,0.000317
87,7938.37,0.27629,0.3904,0.20682,0.9402,0.98733,0.94717,0.95893,0.94717,0.98733,0.94717,0.95893,0.94552,0.18839,0.33529,0.28738,0.46494,0.0002972,0.0002972,0.0002972
88,8029.34,0.27139,0.37797,0.20876,0.93621,0.9872,0.94717,0.95882,0.95055,0.9872,0.94717,0.95935,0.94802,0.17739,0.32165,0.32478,0.44979,0.0002774,0.0002774,0.0002774
89,8120.77,0.2723,0.38499,0.20975,0.93076,0.98644,0.94717,0.95956,0.95315,0.98644,0.94717,0.95956,0.94907,0.15974,0.32725,0.32197,0.42965,0.0002576,0.0002576,0.0002576
90,8212.51,0.2707,0.38146,0.20708,0.93371,0.98029,0.94717,0.95972,0.9507,0.98029,0.94717,0.95972,0.9488,0.16042,0.32257,0.32943,0.42717,0.0002378,0.0002378,0.0002378
91,8304.1,0.23679,0.32979,0.27732,0.98487,0.98818,0.94624,0.96056,0.95214,0.98818,0.94624,0.96152,0.94903,0.15316,0.30599,0.3046,0.41973,0.000218,0.000218,0.000218
92,8394.75,0.22234,0.30983,0.2306,0.97322,0.98665,0.9434,0.95911,0.95253,0.98665,0.9434,0.95911,0.94719,0.14237,0.31446,0.28798,0.40691,0.0001982,0.0001982,0.0001982
93,8485.22,0.21757,0.31958,0.21295,0.97116,0.98046,0.94664,0.95901,0.94961,0.98046,0.94664,0.95901,0.94737,0.15192,0.30632,0.28728,0.4194,0.0001784,0.0001784,0.0001784
94,8575.78,0.21678,0.3126,0.21604,0.96929,0.98804,0.93585,0.95959,0.95016,0.98804,0.93585,0.96016,0.94796,0.13326,0.2893,0.29083,0.40066,0.0001586,0.0001586,0.0001586
95,8666.67,0.19511,0.30183,0.20351,0.94822,0.98763,0.94717,0.95935,0.94915,0.98763,0.94717,0.95885,0.94562,0.14677,0.34012,0.32961,0.41704,0.0001388,0.0001388,0.0001388
96,8756.97,0.18715,0.28624,0.18599,0.95236,0.98774,0.94717,0.96117,0.95131,0.98774,0.94717,0.96054,0.94956,0.14847,0.32259,0.3304,0.40808,0.000119,0.000119,0.000119
97,8847.46,0.19457,0.30301,0.1958,0.95578,0.98666,0.9434,0.95901,0.94843,0.98666,0.9434,0.95901,0.94797,0.15973,0.29841,0.26666,0.42628,9.92e-05,9.92e-05,9.92e-05
98,8937.79,0.19563,0.29286,0.19235,0.95587,0.98812,0.94141,0.95981,0.95032,0.98812,0.94141,0.95981,0.94808,0.15468,0.31921,0.24722,0.42617,7.94e-05,7.94e-05,7.94e-05
99,9028.42,0.17975,0.29232,0.18152,0.94051,0.98598,0.94717,0.96058,0.95237,0.98598,0.94717,0.95998,0.95027,0.15308,0.30543,0.20388,0.42502,5.96e-05,5.96e-05,5.96e-05
100,9120.07,0.18034,0.28754,0.1745,0.94397,0.9872,0.94717,0.96066,0.95233,0.9872,0.94717,0.96005,0.95101,0.15471,0.30734,0.20767,0.42531,3.98e-05,3.98e-05,3.98e-05
